{
  "comment": "// All times in Milliseconds",
  "browser": {
    "name": "firefox",
    "version": "65.0.0",
    "versionNumber": 65,
    "mobile": true,
    "os": "Android 9",
    "userAgent": "Mozilla/5.0 (Android 9; Mobile; rv:65.0) Gecko/65.0 Firefox/65.0"
  },
  "layoutTime": {
    "milliseconds": {
      "sanitized": "541",
      "notSanitized": "168, "
    }
  },
  "mutationResults": {
    "totalRan": 387,
    "mutationsPerPass": 200,
    "notSanitized": {
      "ReorderMutation": {
        "times": [
          1,
          0,
          0,
          1,
          1,
          0,
          0,
          0,
          0,
          0,
          0,
          0,
          1,
          0,
          0,
          0,
          0,
          1,
          0,
          1,
          1,
          0,
          0,
          0
        ],
        "sum": 7,
        "mean": 0.2916666666666667,
        "median": 0,
        "mode": 0,
        "variance": 0.2065972222222223,
        "stdev": 0.45452967144315487,
        "max": 1,
        "min": 0
      },
      "AppendChildMutation": {
        "times": [
          0,
          0,
          0,
          0,
          0,
          0,
          0,
          0,
          0,
          0,
          1,
          0,
          0,
          0,
          0,
          0,
          0,
          0,
          0,
          0,
          0,
          0,
          0,
          0,
          0,
          0,
          0,
          0,
          0,
          0,
          0,
          0,
          0,
          0,
          0,
          0,
          0,
          0,
          0,
          0,
          1
        ],
        "sum": 2,
        "mean": 0.04878048780487805,
        "median": 0,
        "mode": 0,
        "variance": 0.04640095181439622,
        "stdev": 0.21540880161775242,
        "max": 1,
        "min": 0
      },
      "TextContentMutation": {
        "times": [
          0,
          1,
          0,
          0,
          0,
          0,
          0,
          0,
          0,
          0,
          0,
          0,
          0,
          0,
          0,
          0,
          0,
          0,
          0,
          0,
          0,
          0,
          0,
          0,
          0,
          0,
          0,
          0,
          0,
          0,
          0,
          0
        ],
        "sum": 1,
        "mean": 0.03125,
        "median": 0,
        "mode": 0,
        "variance": 0.0302734375,
        "stdev": 0.17399263633843817,
        "max": 1,
        "min": 0
      },
      "ChangeAttributeMutation": {
        "times": [
          0,
          0,
          0,
          0,
          0,
          1,
          0,
          0,
          0,
          0,
          1,
          0,
          0,
          0,
          0,
          0,
          0,
          0,
          0,
          0,
          0,
          0,
          0,
          0,
          0,
          0,
          0,
          0,
          0,
          0,
          0,
          0,
          0,
          0,
          0,
          0,
          0
        ],
        "sum": 2,
        "mean": 0.05405405405405406,
        "median": 0,
        "mode": 0,
        "variance": 0.05113221329437539,
        "stdev": 0.22612433149569594,
        "max": 1,
        "min": 0
      },
      "InnerHTMLMutation": {
        "times": [
          1,
          2,
          0,
          1,
          0,
          0,
          1,
          0,
          1,
          2,
          0,
          1,
          0,
          0,
          1,
          1,
          0,
          0,
          1,
          0,
          1,
          0,
          0,
          1,
          1,
          1,
          2,
          1,
          1
        ],
        "sum": 20,
        "mean": 0.6896551724137931,
        "median": 1,
        "mode": 1,
        "variance": 0.4209274673008323,
        "stdev": 0.6487892318009234,
        "max": 2,
        "min": 0
      },
      "InsertBeforeMutation": {
        "times": [
          0,
          0,
          0,
          0,
          0,
          0,
          0,
          0,
          0,
          0,
          0,
          0,
          0,
          0,
          0,
          0,
          0,
          0,
          0,
          0,
          0,
          0,
          0,
          0,
          0,
          1
        ],
        "sum": 1,
        "mean": 0.038461538461538464,
        "median": 0,
        "mode": 0,
        "variance": 0.03698224852071006,
        "stdev": 0.19230769230769232,
        "max": 1,
        "min": 0
      }
    },
    "sanitized": {
      "InsertBeforeMutation": {
        "times": [
          7,
          37,
          2,
          18,
          36,
          227,
          237,
          35,
          8,
          20,
          32,
          6,
          9,
          32,
          47,
          239,
          44,
          45,
          247,
          3,
          8,
          53,
          31,
          22,
          13,
          19,
          299,
          20,
          0,
          53,
          37,
          48,
          1,
          19,
          8,
          59,
          8
        ],
        "sum": 2029,
        "mean": 54.83783783783784,
        "median": 31,
        "mode": 8,
        "variance": 6290.243973703435,
        "stdev": 79.31105833175747,
        "max": 299,
        "min": 0
      },
      "ChangeAttributeMutation": {
        "times": [
          47,
          6,
          59,
          17,
          20,
          40,
          322,
          19,
          39,
          4,
          15,
          32,
          8,
          8,
          1,
          33,
          16,
          11,
          2,
          7,
          32,
          289,
          51,
          26,
          396,
          22,
          19,
          1,
          49,
          50,
          37,
          36,
          8
        ],
        "sum": 1722,
        "mean": 52.18181818181818,
        "median": 22,
        "mode": 8,
        "variance": 8477.300275482092,
        "stdev": 92.07225573147478,
        "max": 396,
        "min": 1
      },
      "ReorderMutation": {
        "times": [
          12,
          37,
          23,
          34,
          32,
          35,
          24,
          26,
          24,
          10,
          2,
          18,
          49,
          2,
          31,
          231,
          17,
          32,
          55,
          23,
          47,
          7,
          44,
          30,
          36,
          267,
          52,
          3,
          1,
          15,
          22,
          3
        ],
        "sum": 1244,
        "mean": 38.875,
        "median": 25,
        "mode": {},
        "variance": 3188.984375,
        "stdev": 56.471093269034554,
        "max": 267,
        "min": 1
      },
      "InnerHTMLMutation": {
        "times": [
          38,
          22,
          8,
          30,
          218,
          9,
          35,
          18,
          13,
          22,
          67,
          2,
          251,
          10,
          13,
          14,
          7,
          48,
          7,
          28,
          18,
          14,
          18,
          67,
          30,
          39,
          14,
          23
        ],
        "sum": 1083,
        "mean": 38.67857142857143,
        "median": 20,
        "mode": {},
        "variance": 3229.7895408163254,
        "stdev": 56.83123736833754,
        "max": 251,
        "min": 2
      },