{
  "comment": "// All times in Milliseconds",
  "browser": {
    "name": "chrome",
    "version": "72.0.3626",
    "versionNumber": 72.03626,
    "mobile": true,
    "os": "Android 9",
    "userAgent": "Mozilla/5.0 (Linux; Android 9; Pixel 2) AppleWebKit/537.36 (KHTML, like Gecko) Chrome/72.0.3626.105 Mobile Safari/537.36"
  },
  "layoutTime": {
    "milliseconds": {
      "sanitized": "195.6",
      "notSanitized": "148.4, "
    }
  },
  "mutationResults": {
    "totalRan": 396,
    "mutationsPerPass": 200,
    "notSanitized": {
      "ChangeAttributeMutation": {
        "times": [
          0.1,
          0,
          0,
          0.1,
          0.1,
          0.1,
          0,
          0,
          0,
          0,
          0.1,
          0,
          0,
          0.1,
          0,
          0,
          0,
          0,
          0,
          0,
          0,
          0,
          0,
          0,
          0.1,
          0,
          0,
          0,
          0,
          0,
          0,
          0.1,
          0,
          0,
          0,
          0,
          0.1,
          0,
          0,
          0,
          0,
          0,
          0
        ],
        "sum": 0.8999999999999999,
        "mean": 0.02093023255813953,
        "median": 0,
        "mode": 0,
        "variance": 0.0016549486208761515,
        "stdev": 0.04068105973147887,
        "max": 0.1,
        "min": 0
      },
      "AppendChildMutation": {
        "times": [
          0,
          0,
          0,
          0,
          0,
          0,
          0,
          0,
          0,
          0,
          0,
          0,
          0,
          0,
          0.1,
          0,
          0,
          0,
          0,
          0,
          0,
          0,
          0,
          0,
          0,
          0,
          0,
          0.1,
          0,
          0,
          0,
          0,
          0,
          0.1,
          0
        ],
        "sum": 0.30000000000000004,
        "mean": 0.008571428571428572,
        "median": 0,
        "mode": 0,
        "variance": 0.0007836734693877549,
        "stdev": 0.027994168488950602,
        "max": 0.1,
        "min": 0
      },
      "TextContentMutation": {
        "times": [
          0,
          0,
          0,
          0,
          0,
          0,
          0,
          0,
          0,
          0,
          0,
          0,
          0,
          0,
          0,
          0,
          0,
          0,
          0,
          0,
          0,
          0,
          0,
          0,
          0,
          0,
          0,
          0,
          0,
          0.1,
          0,
          0
        ],
        "sum": 0.1,
        "mean": 0.003125,
        "median": 0,
        "mode": 0,
        "variance": 0.00030273437500000005,
        "stdev": 0.01739926363384382,
        "max": 0.1,
        "min": 0
      },
      "ReorderMutation": {
        "times": [
          0.2,
          0,
          0.1,
          0,
          0.1,
          0.1,
          0,
          0,
          0.1,
          0.4,
          0.1,
          0,
          0,
          0,
          0.1,
          0.1,
          0,
          0.2,
          0,
          0.1,
          0.6,
          0
        ],
        "sum": 2.2,
        "mean": 0.1,
        "median": 0.1,
        "mode": 0,
        "variance": 0.020909090909090912,
        "stdev": 0.14459976109624426,
        "max": 0.6,
        "min": 0
      },
      "InsertBeforeMutation": {
        "times": [
          0,
          0,
          0,
          0.1,
          0,
          0,
          0,
          0,
          0,
          0,
          0,
          0,
          0,
          0.1,
          0,
          0.1,
          0,
          0,
          0,
          0,
          0,
          0,
          0,
          0,
          0,
          0,
          0,
          0,
          0.1
        ],
        "sum": 0.4,
        "mean": 0.013793103448275864,
        "median": 0,
        "mode": 0,
        "variance": 0.0011890606420927464,
        "stdev": 0.03448275862068965,
        "max": 0.1,
        "min": 0
      },
      "InnerHTMLMutation": {
        "times": [
          0.4,
          0.3,
          0.7,
          0.3,
          0.7,
          0.8,
          0.3,
          0.4,
          0.3,
          0.7,
          0.4,
          0.7,
          0.4,
          0.3,
          0.7,
          0.7,
          0.6,
          0.3,
          0.7,
          0.6,
          0.7,
          0.8,
          0.7,
          0.7,
          0.4,
          0.3,
          0.4,
          0.6,
          0.4,
          0.4,
          0.4,
          0.6,
          0.7,
          0.3,
          0.3
        ],
        "sum": 18.000000000000004,
        "mean": 0.5142857142857143,
        "median": 0.4,
        "mode": 0.7,
        "variance": 0.03151020408163265,
        "stdev": 0.17751113790867504,
        "max": 0.8,
        "min": 0.3
      }
    },
    "sanitized": {
      "AppendChildMutation": {
        "times": [
          31,
          10.8,
          3.3,
          6.5,
          34.5,
          16.2,
          13.9,
          11.3,
          11.7,
          33.7,
          11.3,
          12.4,
          12.3,
          297.5,
          19.3,
          19.8,
          25.8,
          305.4,
          18.9,
          24.1,
          20.1,
          2.9,
          5.3,
          23.7,
          28,
          33.8,
          7.7,
          23.4,
          14.6,
          88.3,
          15.7,
          241.9,
          16.3,
          123.7,
          28.6,
          19.2
        ],
        "sum": 1612.8999999999999,
        "mean": 44.80277777777778,
        "median": 19.25,
        "mode": 11.3,
        "variance": 5654.236381172839,
        "stdev": 75.1946565998731,
        "max": 305.4,
        "min": 2.9
      },
      "InnerHTMLMutation": {
        "times": [
          41,
          48.8,
          16.4,
          11.7,
          18.8,
          33.6,
          33.2,
          15.9,
          14.6,
          3.7,
          41.4,
          16.7,
          30.3,
          17.3,
          7.6,
          33.2,
          27.4,
          18.8,
          4.9,
          22.2,
          26.7,
          24.5,
          37.3,
          6,
          180.7,
          28.8,
          26.6,
          34.4,
          1.2,
          21.6,
          8.1,
          38,
          25.8,
          14.5,
          13.7,
          38.9,
          54.3,
          11.7
        ],
        "sum": 1050.3,
        "mean": 27.639473684210525,
        "median": 23.35,
        "mode": {},
        "variance": 795.9787049861496,
        "stdev": 28.21309456593072,
        "max": 180.7,
        "min": 1.2
      },
      "TextContentMutation": {
        "times": [
          7.4,
          7.1,
          1.7,
          255.5,
          31.2,
          1.1,
          11.6,
          1.5,
          39.3,
          1.1,
          20.5,
          12.2,
          6.2,
          7.2,
          25.7,
          39.1,
          14.3,
          21.1,
          6.9,
          28.9,
          0.7,
          13.4,
          5.4,
          5.2,
          11.9,
          6.8,
          7.3,
          6.6,
          14.2,
          6.4,
          45.4,
          46.5,
          15
        ],
        "sum": 724.4,
        "mean": 21.95151515151515,
        "median": 11.6,
        "mode": 1.1,
        "variance": 1870.8164370982556,
        "stdev": 43.25293558937076,
        "max": 255.5,
        "min": 0.7
      },