{
  "comment": "// All times in Milliseconds",
  "browser": {
    "name": "chrome",
    "version": "72.0.3626",
    "versionNumber": 72.03626,
    "mobile": false,
    "os": "OS X 10.13.6",
    "userAgent": "Mozilla/5.0 (Macintosh; Intel Mac OS X 10_13_6) AppleWebKit/537.36 (KHTML, like Gecko) Chrome/72.0.3626.96 Safari/537.36"
  },
  "layoutTime": {
    "milliseconds": {
      "sanitized": "1075.95",
      "notSanitized": "148.32, "
    }
  },
  "mutationResults": {
    "totalRan": 384,
    "mutationsPerPass": 200,
    "notSanitized": {
      "InsertBeforeMutation": {
        "times": [
          0.075,
          0.025,
          0.005,
          0.005,
          0,
          0.005,
          0.005,
          0.005,
          0,
          0.005,
          0.005,
          0,
          0,
          0,
          0,
          0,
          0.005,
          0,
          0.01,
          0.005,
          0.01,
          0.005,
          0.005,
          0,
          0.005,
          0.005,
          0,
          0,
          0
        ],
        "sum": 0.18500000000000008,
        "mean": 0.006379310344827589,
        "median": 0.005,
        "mode": 0.005,
        "variance": 0.00019292508917954834,
        "stdev": 0.01388974762836058,
        "max": 0.075,
        "min": 0
      },
      "TextContentMutation": {
        "times": [
          0.065,
          0.015,
          0,
          0.01,
          0.005,
          0.005,
          0,
          0.005,
          0,
          0,
          0,
          0,
          0,
          0,
          0.005,
          0,
          0,
          0,
          0,
          0.01,
          0,
          0.005,
          0,
          0.005,
          0,
          0.005,
          0,
          0.005,
          0,
          0,
          0,
          0,
          0,
          0,
          0
        ],
        "sum": 0.14,
        "mean": 0.004,
        "median": 0,
        "mode": 0,
        "variance": 0.00012257142857142884,
        "stdev": 0.011071198154284334,
        "max": 0.065,
        "min": 0
      },
      "ReorderMutation": {
        "times": [
          0.125,
          0.05,
          0.045,
          0.095,
          0.03,
          0.01,
          0.015,
          0.01,
          0.05,
          0.025,
          0.02,
          0.01,
          0.03,
          0.105,
          0.02,
          0.015,
          0.065,
          0.015,
          0.09,
          0.025,
          0.025,
          0.125,
          0.29,
          0.15,
          0.185,
          0.175,
          0.16,
          0.04,
          0.135,
          0.31,
          0.205,
          0.01,
          0.005,
          0.195,
          0.01,
          0.225,
          0.265,
          0.17,
          0.235,
          0.01,
          0.01,
          0.225,
          0.22,
          0.18
        ],
        "sum": 4.409999999999998,
        "mean": 0.10022727272727269,
        "median": 0.0575,
        "mode": 0.01,
        "variance": 0.008271539256198349,
        "stdev": 0.09094800303579155,
        "max": 0.31,
        "min": 0.005
      },
      "InnerHTMLMutation": {
        "times": [
          0.295,
          0.17,
          0.205,
          0.27,
          0.2,
          0.265,
          0.25,
          0.55,
          0.145,
          0.15,
          0.14,
          0.125,
          0.135,
          0.245,
          0.245,
          0.305,
          0.46,
          0.14,
          0.69,
          0.46,
          0.28,
          0.145,
          0.15,
          0.255,
          0.275,
          0.26,
          0.145,
          0.145,
          0.185,
          0.155
        ],
        "sum": 7.44,
        "mean": 0.24800000000000003,
        "median": 0.22499999999999998,
        "mode": 0.145,
        "variance": 0.017346000000000004,
        "stdev": 0.13170421405558747,
        "max": 0.69,
        "min": 0.125
      },
      "AppendChildMutation": {
        "times": [
          0.085,
          0.005,
          0,
          0.01,
          0.005,
          0,
          0.005,
          0.01,
          0,
          0.005,
          0,
          0,
          0,
          0.015,
          0.005,
          0.005,
          0.005,
          0.005,
          0.005,
          0,
          0.005,
          0,
          0.005,
          0,
          0,
          0.005,
          0,
          0.005,
          0,
          0,
          0.005
        ],
        "sum": 0.19000000000000006,
        "mean": 0.006129032258064518,
        "median": 0.005,
        "mode": 0.005,
        "variance": 0.00022049947970863672,
        "stdev": 0.014849224885785679,
        "max": 0.085,
        "min": 0
      },
      "ChangeAttributeMutation": {
        "times": [
          0.105,
          0.01,
          0.01,
          0.005,
          0.025,
          0.005,
          0.005,
          0.01,
          0.005,
          0.01,
          0,
          0.02,
          0.035,
          0.01,
          0.015,
          0.075,
          0.01,
          0,
          0.005,
          0.005,
          0.005
        ],
        "sum": 0.37000000000000005,
        "mean": 0.01761904761904762,
        "median": 0.01,
        "mode": 0.005,
        "variance": 0.0006371882086167799,
        "stdev": 0.02524258720133061,
        "max": 0.105,
        "min": 0
      }
    },
    "sanitized": {
      "InsertBeforeMutation": {
        "times": [
          68.6,
          33.73,
          7.63,
          32.995,
          102.11,
          129.27,
          33.56,
          104.11,
          7.74,
          34.125,
          114.49,
          126.905,
          47.87,
          5.025,
          10.74,
          135.33,
          47.025,
          12.425,
          48.45,
          10.86,
          291.425,
          193.73,
          62.03,
          266.58,
          16.965,
          12.8,
          14.505,
          180.035,
          279.925,
          62.285,
          10.425,
          75.08
        ],
        "sum": 2578.775,
        "mean": 80.58671875,
        "median": 48.16,
        "mode": [
          68.6,
          33.73,
          7.63,
          32.995,
          102.11,
          129.27,
          33.56,
          104.11,
          7.74,
          34.125,
          114.49,
          126.905,
          47.87,
          5.025,
          10.74,
          135.33,
          47.025,
          12.425,
          48.45,
          10.86,
          291.425,
          193.73,
          62.03,
          266.58,
          16.965,
          12.8,
          14.505,
          180.035,
          279.925,
          62.285,
          10.425,
          75.08
        ],
        "variance": 6647.587399389648,
        "stdev": 81.53273820613195,
        "max": 291.425,
        "min": 5.025
      },
      "TextContentMutation": {
        "times": [
          182.32,
          30.655,
          34.01,
          29.06,
          35.13,
          63.36,
          84.27,
          29.095,
          34.945,
          28.785,
          3.15,
          15.19,
          3.855,
          123.335,
          37.165,
          38.325,
          142.38,
          10.54,
          16.05,
          152.675,
          51.075,
          46.09,
          43.165,
          168.45,
          3.78,
          186.065,
          206.515,
          46.275,
          48.27,
          47.57,
          67.08,
          5.72,
          27.78,
          27.065,
          20.265,
          43.15,
          70.16,
          51.955,
          303.955,
          44.175,
          49.1
        ],
        "sum": 2651.9549999999995,
        "mean": 64.68182926829267,
        "median": 43.165,