{
  "comment": "// All times in Milliseconds",
  "browser": {
    "name": "chrome",
    "version": "72.0.3626",
    "versionNumber": 72.03626,
    "mobile": true,
    "os": "Android 8.1.0",
    "userAgent": "Mozilla/5.0 (Linux; Android 8.1.0; Moto G (5) Plus) AppleWebKit/537.36 (KHTML, like Gecko) Chrome/72.0.3626.105 Mobile Safari/537.36"
  },
  "layoutTime": {
    "milliseconds": {
      "sanitized": "541.4",
      "notSanitized": "572.7, "
    }
  },
  "mutationResults": {
    "totalRan": 397,
    "mutationsPerPass": 200,
    "notSanitized": {
      "ChangeAttributeMutation": {
        "times": [
          0.3,
          0,
          0.2,
          0,
          0,
          0,
          0,
          0.1,
          0,
          0,
          0.1,
          0,
          0.1,
          0,
          0.1,
          0.1,
          0.2,
          0,
          0,
          0.1,
          0.2,
          0,
          0,
          0.1,
          0.1,
          0,
          0,
          0,
          0,
          0,
          0,
          0
        ],
        "sum": 1.7000000000000002,
        "mean": 0.053125000000000006,
        "median": 0,
        "mode": 0,
        "variance": 0.006240234374999997,
        "stdev": 0.07899515412352834,
        "max": 0.3,
        "min": 0
      },
      "InnerHTMLMutation": {
        "times": [
          1,
          1.7,
          1.6,
          1.8,
          0.8,
          1.7,
          1.7,
          2,
          0.9,
          1.7,
          0.9,
          1.7,
          1.7,
          0.8,
          1.8,
          1.7,
          1.6,
          1.6,
          1.6,
          1.6,
          0.8,
          0.9,
          1.7,
          0.8,
          1.5,
          0.8,
          1.8,
          1.7,
          1.6,
          0.8,
          1.6,
          1.7,
          0.9,
          0.9,
          1.8
        ],
        "sum": 49.199999999999996,
        "mean": 1.4057142857142857,
        "median": 1.6,
        "mode": 1.7,
        "variance": 0.16453877551020404,
        "stdev": 0.40563379483248685,
        "max": 2,
        "min": 0.8
      },
      "ReorderMutation": {
        "times": [
          0.2,
          0.4,
          0.1,
          0,
          0.2,
          0.1,
          0.2,
          0.2,
          0.1,
          0.4,
          0,
          0.5,
          0.4,
          0.5,
          0.6,
          0.5,
          1.1,
          0.7,
          0,
          1.2,
          0,
          0.1,
          1.4,
          1.4,
          0.1,
          1.4,
          1.3,
          1.4,
          0,
          0.8,
          0.1,
          1.5,
          0,
          0.2,
          1.5,
          1.6,
          0.2,
          0.1
        ],
        "sum": 20.500000000000004,
        "mean": 0.5394736842105264,
        "median": 0.30000000000000004,
        "mode": 0.1,
        "variance": 0.29502077562326867,
        "stdev": 0.5431581497347422,
        "max": 1.6,
        "min": 0
      },
      "InsertBeforeMutation": {
        "times": [
          0.2,
          0,
          0.1,
          0,
          0,
          0,
          0,
          0,
          0,
          0,
          0,
          0,
          0,
          0,
          0,
          0.1,
          0,
          0,
          0,
          0,
          0,
          0,
          0,
          0,
          0,
          0,
          0,
          0,
          0,
          0,
          0
        ],
        "sum": 0.4,
        "mean": 0.012903225806451613,
        "median": 0,
        "mode": 0,
        "variance": 0.0017689906347554602,
        "stdev": 0.04205937035614609,
        "max": 0.2,
        "min": 0
      },
      "TextContentMutation": {
        "times": [
          0.2,
          0,
          0,
          0,
          0,
          0,
          0,
          0.1,
          0.1,
          0,
          0,
          0,
          0,
          0,
          0,
          0,
          0,
          0.1,
          0,
          0.1,
          0,
          0,
          0,
          0,
          0,
          0,
          0,
          0,
          0.1,
          0,
          0,
          0
        ],
        "sum": 0.7,
        "mean": 0.021875,
        "median": 0,
        "mode": 0,
        "variance": 0.0023339843749999993,
        "stdev": 0.04831132760543845,
        "max": 0.2,
        "min": 0
      },
      "AppendChildMutation": {
        "times": [
          0.2,
          0.1,
          0,
          0,
          0,
          0,
          0,
          0,
          0,
          0,
          0,
          0,
          0,
          0,
          0,
          0,
          0,
          0,
          0,
          0,
          0,
          0,
          0,
          0.1,
          0,
          0,
          0.1,
          0,
          0,
          0
        ],
        "sum": 0.5,
        "mean": 0.016666666666666666,
        "median": 0,
        "mode": 0,
        "variance": 0.002055555555555558,
        "stdev": 0.04533823502911817,
        "max": 0.2,
        "min": 0
      }
    },
    "sanitized": {
      "ChangeAttributeMutation": {
        "times": [
          404.6,
          278.9,
          31.2,
          235.8,
          156.1,
          252.2,
          31.1,
          235.5,
          32,
          472.8,
          279.1,
          31.1,
          259.3,
          10.7,
          640.1,
          148.7,
          275.6,
          44.5,
          44.5,
          858.2,
          336.4,
          45.5,
          15.9,
          15.6,
          1285.5,
          489.3,
          434.3,
          202.6,
          15.8,
          524.2,
          443.7,
          215.2,
          386.2,
          1186.8,
          392.8,
          405.5,
          485.1
        ],
        "sum": 11602.4,
        "mean": 313.5783783783784,
        "median": 259.3,
        "mode": {},
        "variance": 88931.48601899196,
        "stdev": 298.2138260024038,
        "max": 1285.5,
        "min": 10.7
      },
      "AppendChildMutation": {
        "times": [
          37.7,
          289,
          71.3,
          277.5,
          307.3,
          347.4,
          321.7,
          10.9,
          35.8,
          45.6,
          276.9,
          331.9,
          174.6,
          926.4,
          349.9,
          304.1,
          817.2,
          432.7,
          458.5,
          940.7,
          1208,
          359.9,
          45.4,
          502.6,
          364.5,
          45.8,
          1288.4,
          372.6,
          1356.3,
          1598.9,
          452.1,
          391.1,
          1243.2,
          498.7,
          1879.4,
          405.4,
          15.9,
          1773.4,
          227.5,
          1847.8
        ],
        "sum": 22634.000000000004,
        "mean": 565.8500000000001,
        "median": 362.2,
        "mode": [
          37.7,
          289,
          71.3,
          277.5,
          307.3,
          347.4,
          321.7,
          10.9,
          35.8,
          45.6,
          276.9,
          331.9,
          174.6,
          926.4,
          349.9,
          304.1,
          817.2,
          432.7,
          458.5,
          940.7,
          1208,
          359.9,
          45.4,
          502.6,
          364.5,
          45.8,
          1288.4,
          372.6,
          1356.3,
          1598.9,
          452.1,
          391.1,
          1243.2,
          498.7,
          1879.4,
          405.4,
          15.9,
          1773.4,
          227.5,
          1847.8
        ],
        "variance": 288874.21700000006,
        "stdev": 537.4702010344388,
        "max": 1879.4,
        "min": 10.9
      },