{
  "comment": "// All times in Milliseconds",
  "browser": {
    "name": "chrome",
    "version": "72.0.3626",
    "versionNumber": 72.03626,
    "mobile": true,
    "os": "Android 9",
    "userAgent": "Mozilla/5.0 (Linux; Android 9; Pixel 2) AppleWebKit/537.36 (KHTML, like Gecko) Chrome/72.0.3626.105 Mobile Safari/537.36"
  },
  "layoutTime": {
    "milliseconds": {
      "sanitized": "313.7",
      "notSanitized": "151.7, "
    }
  },
  "mutationResults": {
    "totalRan": 394,
    "mutationsPerPass": 200,
    "notSanitized": {
      "TextContentMutation": {
        "times": [
          0.1,
          0,
          0,
          0,
          0,
          0,
          0,
          0,
          0,
          0,
          0,
          0,
          0,
          0,
          0,
          0,
          0,
          0,
          0,
          0,
          0,
          0,
          0,
          0,
          0,
          0,
          0,
          0,
          0,
          0,
          0,
          0,
          0,
          0,
          0,
          0
        ],
        "sum": 0.1,
        "mean": 0.002777777777777778,
        "median": 0,
        "mode": 0,
        "variance": 0.000270061728395062,
        "stdev": 0.016433554953054496,
        "max": 0.1,
        "min": 0
      },
      "ReorderMutation": {
        "times": [
          0.2,
          0.1,
          0.1,
          0.1,
          0.2,
          0.2,
          0.2,
          0.2,
          0,
          0.2,
          0.1,
          0.4,
          0.3,
          0.4,
          0.3,
          0.2,
          0.3,
          0.2,
          0.4,
          0.3,
          0.7,
          0.6,
          0.4,
          0.5,
          0.5,
          0.5
        ],
        "sum": 7.6,
        "mean": 0.29230769230769227,
        "median": 0.25,
        "mode": 0.2,
        "variance": 0.028402366863905328,
        "stdev": 0.16853001769389728,
        "max": 0.7,
        "min": 0
      },
      "AppendChildMutation": {
        "times": [
          0.1,
          0,
          0,
          0,
          0,
          0,
          0,
          0.1,
          0,
          0,
          0,
          0,
          0,
          0,
          0,
          0,
          0,
          0,
          0,
          0,
          0,
          0,
          0.1,
          0,
          0,
          0.1,
          0,
          0,
          0,
          0
        ],
        "sum": 0.4,
        "mean": 0.013333333333333334,
        "median": 0,
        "mode": 0,
        "variance": 0.001155555555555555,
        "stdev": 0.03399346342395189,
        "max": 0.1,
        "min": 0
      },
      "InnerHTMLMutation": {
        "times": [
          0.5,
          0.8,
          0.3,
          0.5,
          0.6,
          0.3,
          0.7,
          0.5,
          0.7,
          0.7,
          0.4,
          0.3,
          0.3,
          0.6,
          0.5,
          0.7,
          0.3,
          0.4,
          0.3,
          0.3,
          0.4,
          0.3,
          0.4,
          0.3,
          0.4,
          0.6,
          1.1,
          0.8,
          0.8,
          0.7,
          0.3,
          0.7,
          0.3,
          0.3,
          0.6,
          0.6,
          0.3,
          0.6,
          0.6,
          0.3,
          0.7,
          0.3
        ],
        "sum": 21.100000000000016,
        "mean": 0.5023809523809527,
        "median": 0.5,
        "mode": 0.3,
        "variance": 0.038803854875283456,
        "stdev": 0.1969869408749815,
        "max": 1.1,
        "min": 0.3
      },
      "InsertBeforeMutation": {
        "times": [
          0,
          0,
          0,
          0,
          0,
          0,
          0,
          0,
          0,
          0,
          0,
          0,
          0,
          0,
          0,
          0,
          0,
          0,
          0,
          0,
          0,
          0,
          0,
          0,
          0,
          0,
          0,
          0,
          0,
          0,
          0,
          0,
          0,
          0,
          0,
          0,
          0
        ],
        "sum": 0,
        "mean": 0,
        "median": 0,
        "mode": 0,
        "variance": 0,
        "stdev": 0,
        "max": 0,
        "min": 0
      },
      "ChangeAttributeMutation": {
        "times": [
          0.1,
          0.1,
          0,
          0,
          0,
          0,
          0.1,
          0.1,
          0,
          0,
          0,
          0,
          0,
          0,
          0,
          0,
          0,
          0,
          0,
          0,
          0,
          0,
          0.1,
          0,
          0,
          0,
          0
        ],
        "sum": 0.5,
        "mean": 0.018518518518518517,
        "median": 0,
        "mode": 0,
        "variance": 0.0015089163237311395,
        "stdev": 0.03884477215445007,
        "max": 0.1,
        "min": 0
      }
    },
    "sanitized": {
      "ReorderMutation": {
        "times": [
          179.5,
          176.2,
          4.8,
          174.3,
          158.1,
          127.5,
          147.4,
          131.4,
          262.2,
          161.5,
          166.7,
          48.9,
          156.1,
          161.1,
          135.7,
          58.3,
          134.7,
          305.9,
          95.3,
          163.6,
          263.8,
          143.8,
          296.2,
          8.5,
          11.6,
          315.9,
          154.9,
          374.4,
          220,
          163.5,
          179.2,
          191,
          43.2,
          201.8,
          207.1,
          283.5,
          45.2,
          359.7,
          175.6,
          429.2,
          219.7,
          215.6
        ],
        "sum": 7452.6,
        "mean": 177.44285714285715,
        "median": 165.14999999999998,
        "mode": [
          179.5,
          176.2,
          4.8,
          174.3,
          158.1,
          127.5,
          147.4,
          131.4,
          262.2,
          161.5,
          166.7,
          48.9,
          156.1,
          161.1,
          135.7,
          58.3,
          134.7,
          305.9,
          95.3,
          163.6,
          263.8,
          143.8,
          296.2,
          8.5,
          11.6,
          315.9,
          154.9,
          374.4,
          220,
          163.5,
          179.2,
          191,
          43.2,
          201.8,
          207.1,
          283.5,
          45.2,
          359.7,
          175.6,
          429.2,
          219.7,
          215.6
        ],
        "variance": 9266.476734693875,
        "stdev": 96.26254066195155,
        "max": 429.2,
        "min": 4.8
      },
      "ChangeAttributeMutation": {
        "times": [
          176.5,
          126.8,
          141.7,
          202.7,
          31.1,
          225,
          154.4,
          138,
          35.1,
          274.4,
          35,
          34.3,
          247.8,
          35.5,
          165.4,
          8.7,
          140.8,
          81.3,
          39,
          190.4,
          292.9,
          330,
          40.6,
          41.5,
          157.3,
          115.5,
          220,
          10.1,
          123.9,
          60.8,
          214.8,
          245.8,
          348
        ],
        "sum": 4685.1,
        "mean": 141.9727272727273,
        "median": 140.8,
        "mode": [
          176.5,
          126.8,
          141.7,
          202.7,
          31.1,
          225,
          154.4,
          138,
          35.1,
          274.4,
          35,
          34.3,
          247.8,
          35.5,
          165.4,
          8.7,
          140.8,
          81.3,
          39,
          190.4,
          292.9,
          330,
          40.6,
          41.5,
          157.3,
          115.5,
          220,
          10.1,
          123.9,
          60.8,
          214.8,
          245.8,
          348
        ],
        "variance": 9160.763801652896,
        "stdev": 95.71187910417858,
        "max": 348,