{
  "comment": "// All times in Milliseconds",
  "browser": {
    "name": "safari",
    "version": "12.0.0",
    "versionNumber": 12,
    "mobile": true,
    "os": "OS X",
    "userAgent": "Mozilla/5.0 (iPhone; CPU iPhone OS 12_1_2 like Mac OS X) AppleWebKit/605.1.15 (KHTML, like Gecko) Version/12.0 Mobile/15E148 Safari/604.1"
  },
  "layoutTime": {
    "milliseconds": {
      "sanitized": "109",
      "notSanitized": "339, "
    }
  },
  "mutationResults": {
    "totalRan": 394,
    "mutationsPerPass": 200,
    "notSanitized": {
      "AppendChildMutation": {
        "times": [
          0,
          0,
          0,
          0,
          0,
          0,
          0,
          0,
          0,
          0,
          0,
          0,
          0,
          0,
          0,
          0,
          0,
          0,
          0,
          0,
          0,
          0,
          0,
          1,
          0,
          0
        ],
        "sum": 1,
        "mean": 0.038461538461538464,
        "median": 0,
        "mode": 0,
        "variance": 0.036982248520710054,
        "stdev": 0.1923076923076923,
        "max": 1,
        "min": 0
      },
      "ChangeAttributeMutation": {
        "times": [
          0,
          0,
          0,
          0,
          0,
          0,
          0,
          0,
          0,
          0,
          0,
          0,
          0,
          0,
          0,
          0,
          0,
          0,
          1,
          0,
          0,
          0,
          0,
          0,
          0,
          0
        ],
        "sum": 1,
        "mean": 0.038461538461538464,
        "median": 0,
        "mode": 0,
        "variance": 0.03698224852071005,
        "stdev": 0.19230769230769226,
        "max": 1,
        "min": 0
      },
      "ReorderMutation": {
        "times": [
          0,
          0,
          0,
          0,
          0,
          0,
          0,
          0,
          0,
          0,
          0,
          0,
          0,
          0,
          1,
          0,
          0,
          0,
          0,
          0,
          0,
          0,
          1,
          0,
          0,
          0,
          0,
          0,
          0,
          1,
          0,
          1,
          0,
          1
        ],
        "sum": 5,
        "mean": 0.14705882352941177,
        "median": 0,
        "mode": 0,
        "variance": 0.12543252595155713,
        "stdev": 0.35416454643506756,
        "max": 1,
        "min": 0
      },
      "InnerHTMLMutation": {
        "times": [
          0,
          1,
          0,
          0,
          0,
          0,
          1,
          0,
          0,
          0,
          0,
          0,
          0,
          1,
          0,
          1,
          1,
          0,
          0,
          0,
          0,
          1,
          0,
          0,
          0,
          0,
          1,
          0,
          0,
          0,
          0,
          0,
          1
        ],
        "sum": 8,
        "mean": 0.24242424242424243,
        "median": 0,
        "mode": 0,
        "variance": 0.1836547291092746,
        "stdev": 0.4285495643554834,
        "max": 1,
        "min": 0
      },
      "InsertBeforeMutation": {
        "times": [
          0,
          0,
          0,
          0,
          0,
          0,
          0,
          0,
          0,
          0,
          0,
          0,
          0,
          0,
          0,
          0,
          0,
          0,
          0,
          0,
          0,
          0,
          0,
          0,
          0,
          0,
          0,
          0,
          0,
          0,
          0,
          0,
          0,
          0,
          0,
          0,
          0,
          0,
          0,
          0,
          0,
          0,
          0,
          0,
          0,
          0,
          0,
          0,
          0,
          0
        ],
        "sum": 0,
        "mean": 0,
        "median": 0,
        "mode": 0,
        "variance": 0,
        "stdev": 0,
        "max": 0,
        "min": 0
      },
      "TextContentMutation": {
        "times": [
          0,
          0,
          0,
          0,
          0,
          0,
          0,
          0,
          0,
          0,
          0,
          0,
          0,
          0,
          0,
          0,
          0,
          0,
          0,
          0,
          0,
          0,
          0,
          0,
          0,
          0,
          0,
          0
        ],
        "sum": 0,
        "mean": 0,
        "median": 0,
        "mode": 0,
        "variance": 0,
        "stdev": 0,
        "max": 0,
        "min": 0
      }
    },
    "sanitized": {
      "AppendChildMutation": {
        "times": [
          26,
          63,
          52,
          46,
          50,
          15,
          70,
          16,
          44,
          71,
          77,
          77,
          74,
          49,
          19,
          98,
          93,
          60,
          61,
          7,
          92,
          7,
          7
        ],
        "sum": 1174,
        "mean": 51.04347826086956,
        "median": 52,
        "mode": 7,
        "variance": 812.1285444234403,
        "stdev": 28.49786912075077,
        "max": 98,
        "min": 7
      },
      "ChangeAttributeMutation": {
        "times": [
          68,
          48,
          52,
          47,
          12,
          61,
          62,
          14,
          50,
          13,
          63,
          15,
          63,
          81,
          74,
          78,
          5,
          19,
          82,
          89,
          30,
          21,
          54,
          21,
          7,
          100,
          103,
          8,
          63,
          96,
          87,
          117,
          87,
          39
        ],
        "sum": 1829,
        "mean": 53.794117647058826,
        "median": 57.5,
        "mode": 63,
        "variance": 1008.6340830449827,
        "stdev": 31.759000032195328,
        "max": 117,
        "min": 5
      },
      "InsertBeforeMutation": {
        "times": [
          47,
          14,
          3,
          56,
          63,
          57,
          2,
          13,
          4,
          14,
          74,
          69,
          71,
          58,
          58,
          89,
          19,
          65,
          80,
          64,
          75,
          21,
          84,
          52,
          92,
          91,
          57,
          23,
          101,
          95,
          97,
          101,
          80,
          95,
          81,
          98,
          105,
          23,
          84
        ],
        "sum": 2375,
        "mean": 60.8974358974359,
        "median": 65,
        "mode": {},
        "variance": 997.8356344510196,
        "stdev": 31.588536440471877,
        "max": 105,
        "min": 2
      },
      "ReorderMutation": {
        "times": [
          50,
          51,
          60,
          14,
          61,
          50,
          66,
          70,
          59,
          4,
          6,
          78,
          19,
          64,
          68,
          51,
          55,
          4,
          22,
          91,
          63,
          81,
          109,
          67,
          23,
          100,
          65
        ],
        "sum": 1451,
        "mean": 53.74074074074074,
        "median": 60,
        "mode": {},
        "variance": 783.5253772290808,
        "stdev": 27.9915233102645,
        "max": 109,
        "min": 4
      },