{
  "comment": "// All times in Milliseconds",
  "browser": {
    "name": "chrome",
    "version": "72.0.3626",
    "versionNumber": 72.03626,
    "mobile": true,
    "os": "Android 9",
    "userAgent": "Mozilla/5.0 (Linux; Android 9; Pixel 2) AppleWebKit/537.36 (KHTML, like Gecko) Chrome/72.0.3626.105 Mobile Safari/537.36"
  },
  "layoutTime": {
    "milliseconds": {
      "sanitized": "671",
      "notSanitized": "364.9, "
    }
  },
  "mutationResults": {
    "totalRan": 397,
    "mutationsPerPass": 200,
    "notSanitized": {
      "InnerHTMLMutation": {
        "times": [
          0.9,
          0.7,
          0.2,
          0.4,
          0.3,
          0.4,
          0.3,
          0.6,
          0.8,
          0.5,
          0.7,
          0.7,
          0.3,
          0.3,
          0.7,
          0.7,
          0.3,
          0.6,
          0.7,
          0.7,
          0.4,
          0.3,
          0.7,
          0.3,
          0.3,
          0.7,
          0.7,
          0.6,
          0.3,
          0.3,
          0.7,
          0.4,
          0.7,
          0.6,
          0.7,
          0.6,
          0.6,
          0.9,
          0.7,
          0.7,
          0.3
        ],
        "sum": 22.3,
        "mean": 0.5439024390243903,
        "median": 0.6,
        "mode": 0.7,
        "variance": 0.03807257584770968,
        "stdev": 0.19512195121951215,
        "max": 0.9,
        "min": 0.2
      },
      "InsertBeforeMutation": {
        "times": [
          0,
          0,
          0,
          0.1,
          0,
          0,
          0,
          0,
          0,
          0,
          0,
          0,
          0,
          0,
          0.1,
          0,
          0,
          0.1,
          0.1,
          0,
          0,
          0,
          0,
          0,
          0,
          0,
          0,
          0,
          0,
          0,
          0,
          0,
          0,
          0
        ],
        "sum": 0.4,
        "mean": 0.011764705882352941,
        "median": 0,
        "mode": 0,
        "variance": 0.001038062283737023,
        "stdev": 0.03221897397089211,
        "max": 0.1,
        "min": 0
      },
      "AppendChildMutation": {
        "times": [
          0,
          0.1,
          0,
          0,
          0,
          0,
          0,
          0,
          0,
          0,
          0,
          0,
          0,
          0,
          0.1,
          0,
          0,
          0,
          0,
          0,
          0,
          0,
          0,
          0,
          0
        ],
        "sum": 0.2,
        "mean": 0.008,
        "median": 0,
        "mode": 0,
        "variance": 0.0007360000000000005,
        "stdev": 0.027129319932501082,
        "max": 0.1,
        "min": 0
      },
      "TextContentMutation": {
        "times": [
          0,
          0,
          0,
          0,
          0,
          0,
          0,
          0,
          0,
          0,
          0.1,
          0,
          0,
          0.1,
          0,
          0,
          0,
          0,
          0,
          0,
          0,
          0,
          0,
          0,
          0,
          0,
          0,
          0,
          0
        ],
        "sum": 0.2,
        "mean": 0.006896551724137932,
        "median": 0,
        "mode": 0,
        "variance": 0.0006420927467300842,
        "stdev": 0.025339549063274274,
        "max": 0.1,
        "min": 0
      },
      "ChangeAttributeMutation": {
        "times": [
          0.1,
          0,
          0,
          0,
          0.1,
          0,
          0.1,
          0.1,
          0,
          0,
          0,
          0,
          0,
          0,
          0,
          0,
          0,
          0,
          0,
          0.1,
          0.1,
          0,
          0,
          0,
          0,
          0,
          0,
          0,
          0,
          0.1,
          0,
          0.1
        ],
        "sum": 0.7999999999999999,
        "mean": 0.024999999999999998,
        "median": 0,
        "mode": 0,
        "variance": 0.0018750000000000008,
        "stdev": 0.04330127018922194,
        "max": 0.1,
        "min": 0
      },
      "ReorderMutation": {
        "times": [
          0.3,
          0.1,
          0.1,
          0.1,
          0,
          0.2,
          0,
          0.1,
          0,
          0.1,
          0.1,
          0.1,
          0.1,
          0,
          0.1,
          0.1,
          0,
          0.1,
          0,
          2.4,
          0.5,
          0.2,
          0.1,
          0.1,
          0.1,
          0.1,
          0,
          0.2,
          0,
          0.4,
          0.5,
          0,
          0.1,
          0.5,
          0.1,
          0.2,
          0.1,
          0.3
        ],
        "sum": 7.499999999999998,
        "mean": 0.19736842105263153,
        "median": 0.1,
        "mode": 0.1,
        "variance": 0.15025623268698066,
        "stdev": 0.38762898845027144,
        "max": 2.4,
        "min": 0
      }
    },
    "sanitized": {
      "AppendChildMutation": {
        "times": [
          99.4,
          20.2,
          535.2,
          558,
          544.7,
          22.5,
          52.9,
          480.6,
          68.7,
          38.1,
          87.1,
          15.6,
          551,
          17,
          78.1,
          87.2,
          15.7,
          73.9,
          211.7,
          41.3,
          20.3,
          16.5,
          82.5,
          20.7,
          192.6,
          12,
          154.2,
          235.1,
          668.2,
          30.1,
          97.1,
          110.3,
          97.8,
          135.1,
          15.9,
          99.3,
          28.1,
          35.6
        ],
        "sum": 5650.300000000002,
        "mean": 148.69210526315794,
        "median": 80.3,
        "mode": [
          99.4,
          20.2,
          535.2,
          558,
          544.7,
          22.5,
          52.9,
          480.6,
          68.7,
          38.1,
          87.1,
          15.6,
          551,
          17,
          78.1,
          87.2,
          15.7,
          73.9,
          211.7,
          41.3,
          20.3,
          16.5,
          82.5,
          20.7,
          192.6,
          12,
          154.2,
          235.1,
          668.2,
          30.1,
          97.1,
          110.3,
          97.8,
          135.1,
          15.9,
          99.3,
          28.1,
          35.6
        ],
        "variance": 34629.650200831034,
        "stdev": 186.09043554366525,
        "max": 668.2,
        "min": 12
      },
      "InnerHTMLMutation": {
        "times": [
          558.6,
          1.4,
          21.3,
          25,
          54,
          81.8,
          58.9,
          94.8,
          79.8,
          19.9,
          21.8,
          10.6,
          19.8,
          64.3,
          4.4,
          24.3,
          26,
          12.1,
          33.2,
          32.4,
          36.3,
          588.2,
          79.7,
          98.4,
          103.4,
          23.9,
          25.3,
          1.4,
          35.2,
          191.7,
          175.4,
          521.4
        ],
        "sum": 3124.7,
        "mean": 97.646875,
        "median": 34.2,
        "mode": 1.4,
        "variance": 23792.837490234375,
        "stdev": 154.24927063112608,
        "max": 588.2,
        "min": 1.4
      },