{
  "comment": "// All times in Milliseconds",
  "browser": {
    "name": "chrome",
    "version": "72.0.3626",
    "versionNumber": 72.03626,
    "mobile": true,
    "os": "Android 8.1.0",
    "userAgent": "Mozilla/5.0 (Linux; Android 8.1.0; Moto G (5) Plus) AppleWebKit/537.36 (KHTML, like Gecko) Chrome/72.0.3626.105 Mobile Safari/537.36"
  },
  "layoutTime": {
    "milliseconds": {
      "sanitized": "1441.9",
      "notSanitized": "1534.7, "
    }
  },
  "mutationResults": {
    "totalRan": 397,
    "mutationsPerPass": 200,
    "notSanitized": {
      "AppendChildMutation": {
        "times": [
          0.1,
          0,
          0,
          0.1,
          0.1,
          0,
          0,
          0,
          0,
          0,
          0.1,
          0,
          0,
          0,
          0,
          0.1,
          0,
          0,
          0.1,
          0,
          0.1,
          0,
          0,
          0,
          0.1,
          0,
          0,
          0,
          0,
          0,
          0,
          0.1,
          0,
          0
        ],
        "sum": 0.8999999999999999,
        "mean": 0.026470588235294114,
        "median": 0,
        "mode": 0,
        "variance": 0.00194636678200692,
        "stdev": 0.044117647058823525,
        "max": 0.1,
        "min": 0
      },
      "ReorderMutation": {
        "times": [
          0.2,
          3.5,
          0,
          0.1,
          0.1,
          0.2,
          0.1,
          0.4,
          0.5,
          0.2,
          0,
          0.4,
          0.1,
          0.3,
          0.5,
          0.1,
          0.5,
          0.6,
          0.5,
          0.3,
          0.1,
          0.7,
          0.1,
          0.1,
          0.2,
          0.2,
          0.3,
          0.2,
          0.3,
          0.2,
          0.6,
          0.2,
          0.3,
          0.7,
          0.7
        ],
        "sum": 13.499999999999996,
        "mean": 0.3857142857142856,
        "median": 0.2,
        "mode": {},
        "variance": 0.32579591836734667,
        "stdev": 0.5707853522711902,
        "max": 3.5,
        "min": 0
      },
      "TextContentMutation": {
        "times": [
          0.1,
          0,
          0,
          0,
          0.1,
          0,
          0,
          0,
          0,
          0,
          0.1,
          0,
          0,
          0.1,
          0,
          0,
          0,
          0,
          0.1,
          0,
          0,
          0,
          0.1,
          0.1,
          0.1,
          0,
          0,
          0,
          0,
          0,
          0
        ],
        "sum": 0.7999999999999999,
        "mean": 0.025806451612903222,
        "median": 0,
        "mode": 0,
        "variance": 0.0019146722164412073,
        "stdev": 0.043756967633066246,
        "max": 0.1,
        "min": 0
      },
      "InnerHTMLMutation": {
        "times": [
          1,
          1.8,
          1.7,
          1.1,
          1.8,
          1.7,
          0.9,
          1.6,
          1.9,
          0.9,
          0.9,
          0.8,
          1.9,
          1,
          1,
          1.7,
          0.8,
          2,
          0.9,
          0.7,
          1.7,
          1,
          1,
          1.8,
          1,
          1,
          0.9,
          0.9,
          1.8,
          1.6
        ],
        "sum": 38.79999999999999,
        "mean": 1.293333333333333,
        "median": 1,
        "mode": 1,
        "variance": 0.18395555555555554,
        "stdev": 0.42890040283911546,
        "max": 2,
        "min": 0.7
      },
      "InsertBeforeMutation": {
        "times": [
          0.3,
          0.1,
          0,
          0.1,
          0.1,
          0,
          0.1,
          0,
          0,
          0.1,
          0,
          0,
          0,
          0,
          0,
          0,
          0,
          0.1,
          0,
          0,
          0,
          0,
          0.1,
          0,
          0.1,
          0,
          0,
          0.1,
          0
        ],
        "sum": 1.2,
        "mean": 0.041379310344827586,
        "median": 0,
        "mode": 0,
        "variance": 0.004494649227110586,
        "stdev": 0.06704214515594341,
        "max": 0.3,
        "min": 0
      },
      "ChangeAttributeMutation": {
        "times": [
          0.3,
          0.2,
          0.2,
          0,
          0.1,
          0.1,
          0,
          0.1,
          0.1,
          0,
          0.1,
          0,
          0,
          0,
          0,
          0,
          0.1,
          0,
          0,
          0,
          0,
          0.1,
          0,
          0,
          0,
          0.1,
          0,
          0,
          0,
          0,
          0,
          0,
          0.1,
          0.1,
          0.1,
          0,
          0.2,
          0,
          0.1,
          0.1,
          0
        ],
        "sum": 2.2000000000000006,
        "mean": 0.05365853658536587,
        "median": 0,
        "mode": 0,
        "variance": 0.005413444378346219,
        "stdev": 0.0735761128243822,
        "max": 0.3,
        "min": 0
      }
    },
    "sanitized": {
      "ChangeAttributeMutation": {
        "times": [
          174.2,
          115.7,
          44.1,
          27.5,
          22.6,
          819.1,
          153.7,
          328,
          30.9,
          996.7,
          57.6,
          133.3,
          16.6,
          22.9,
          124.1,
          49.8,
          424.4,
          47.3,
          136,
          31,
          41.5,
          417,
          47.7,
          1263.7,
          418.7,
          208,
          86.9,
          86.3
        ],
        "sum": 6325.299999999999,
        "mean": 225.9035714285714,
        "median": 101.30000000000001,
        "mode": [
          174.2,
          115.7,
          44.1,
          27.5,
          22.6,
          819.1,
          153.7,
          328,
          30.9,
          996.7,
          57.6,
          133.3,
          16.6,
          22.9,
          124.1,
          49.8,
          424.4,
          47.3,
          136,
          31,
          41.5,
          417,
          47.7,
          1263.7,
          418.7,
          208,
          86.9,
          86.3
        ],
        "variance": 95161.02248724489,
        "stdev": 308.4818025220368,
        "max": 1263.7,
        "min": 16.6
      },
      "AppendChildMutation": {
        "times": [
          61.3,
          37.2,
          782.2,
          55.4,
          42.6,
          922.7,
          31.5,
          48.5,
          80.9,
          846.2,
          195.8,
          90.5,
          123.4,
          855,
          230.3,
          57.1,
          1015.2,
          102.2,
          103.7,
          46.8,
          34.6,
          104,
          166.9,
          113.6,
          253.2,
          14.9,
          16.7,
          44.1,
          161.9,
          25.5,
          156.7,
          320.5,
          823.6,
          178.2,
          20,
          163.7,
          160.5,
          65.5,
          63.4,
          1375.4,
          19.9,
          222.8,
          19.7,
          1218.4
        ],
        "sum": 11472.199999999999,
        "mean": 260.73181818181814,
        "median": 103.85,