{
  "comment": "// All times in Milliseconds",
  "browser": {
    "name": "firefox",
    "version": "65.0.0",
    "versionNumber": 65,
    "mobile": true,
    "os": "Android 9",
    "userAgent": "Mozilla/5.0 (Android 9; Mobile; rv:65.0) Gecko/65.0 Firefox/65.0"
  },
  "layoutTime": {
    "milliseconds": {
      "sanitized": "1670",
      "notSanitized": "500, "
    }
  },
  "mutationResults": {
    "totalRan": 394,
    "mutationsPerPass": 200,
    "notSanitized": {
      "ChangeAttributeMutation": {
        "times": [
          0,
          0,
          0,
          0,
          0,
          0,
          0,
          0,
          0,
          0,
          0,
          0,
          0,
          1,
          0,
          0,
          0,
          0,
          0,
          0,
          0,
          0,
          0,
          1,
          0,
          0,
          0,
          0,
          0
        ],
        "sum": 2,
        "mean": 0.06896551724137931,
        "median": 0,
        "mode": 0,
        "variance": 0.06420927467300833,
        "stdev": 0.2533954906327426,
        "max": 1,
        "min": 0
      },
      "InsertBeforeMutation": {
        "times": [
          0,
          0,
          0,
          0,
          0,
          0,
          0,
          0,
          0,
          0,
          0,
          0,
          0,
          0,
          0,
          0,
          0,
          0,
          0,
          1,
          0,
          0,
          0,
          0,
          0
        ],
        "sum": 1,
        "mean": 0.04,
        "median": 0,
        "mode": 0,
        "variance": 0.03840000000000001,
        "stdev": 0.19595917942265428,
        "max": 1,
        "min": 0
      },
      "ReorderMutation": {
        "times": [
          0,
          0,
          0,
          1,
          0,
          0,
          0,
          0,
          0,
          0,
          0,
          1,
          0,
          0,
          0,
          0,
          0,
          1,
          0,
          1,
          0,
          0,
          0,
          1,
          0,
          0,
          0,
          0,
          1,
          0,
          1,
          0,
          0,
          0,
          0,
          1,
          1,
          1
        ],
        "sum": 10,
        "mean": 0.2631578947368421,
        "median": 0,
        "mode": 0,
        "variance": 0.19390581717451527,
        "stdev": 0.44034738238635557,
        "max": 1,
        "min": 0
      },
      "TextContentMutation": {
        "times": [
          0,
          0,
          0,
          0,
          0,
          0,
          0,
          0,
          0,
          0,
          0,
          0,
          0,
          0,
          0,
          0,
          0,
          0,
          0,
          0,
          0,
          0,
          0,
          0,
          0,
          0,
          0,
          0,
          0,
          0,
          0,
          0,
          0
        ],
        "sum": 0,
        "mean": 0,
        "median": 0,
        "mode": 0,
        "variance": 0,
        "stdev": 0,
        "max": 0,
        "min": 0
      },
      "AppendChildMutation": {
        "times": [
          0,
          0,
          0,
          0,
          0,
          0,
          0,
          0,
          0,
          0,
          0,
          0,
          0,
          0,
          0,
          0,
          0,
          0,
          0,
          0,
          0,
          0,
          0,
          0,
          0,
          0,
          0,
          0,
          0,
          0,
          0,
          0,
          0,
          0,
          0,
          0,
          0,
          0,
          0,
          0,
          0,
          0
        ],
        "sum": 0,
        "mean": 0,
        "median": 0,
        "mode": 0,
        "variance": 0,
        "stdev": 0,
        "max": 0,
        "min": 0
      },
      "InnerHTMLMutation": {
        "times": [
          0,
          1,
          1,
          0,
          0,
          1,
          1,
          1,
          1,
          1,
          1,
          1,
          0,
          0,
          0,
          1,
          0,
          0,
          1,
          0,
          0,
          1,
          0,
          1,
          1,
          0,
          0,
          0,
          0
        ],
        "sum": 14,
        "mean": 0.4827586206896552,
        "median": 0,
        "mode": 0,
        "variance": 0.24970273483947675,
        "stdev": 0.4997026464203254,
        "max": 1,
        "min": 0
      }
    },
    "sanitized": {
      "TextContentMutation": {
        "times": [
          27,
          28,
          9,
          38,
          44,
          11,
          10,
          2,
          45,
          3,
          53,
          7,
          37,
          16,
          417,
          15,
          61,
          9,
          15,
          18,
          4,
          71,
          60,
          42,
          64,
          64,
          15,
          14,
          52,
          16,
          10
        ],
        "sum": 1277,
        "mean": 41.193548387096776,
        "median": 18,
        "mode": 15,
        "variance": 5150.672216441208,
        "stdev": 71.76818387308688,
        "max": 417,
        "min": 2
      },
      "ReorderMutation": {
        "times": [
          38,
          35,
          25,
          38,
          62,
          29,
          62,
          16,
          16,
          44,
          69,
          73,
          15,
          18,
          71,
          21,
          78,
          29,
          6,
          63,
          68,
          29,
          418,
          20,
          27,
          36,
          13,
          93,
          39,
          23,
          92,
          21,
          76,
          98,
          104,
          106,
          50,
          485
        ],
        "sum": 2606,
        "mean": 68.57894736842105,
        "median": 38.5,
        "mode": 29,
        "variance": 8989.29639889197,
        "stdev": 94.81190009113818,
        "max": 485,
        "min": 6
      },
      "AppendChildMutation": {
        "times": [
          124,
          533,
          40,
          23,
          40,
          14,
          22,
          9,
          355,
          21,
          10,
          15,
          4,
          19,
          85,
          45,
          80,
          77,
          72,
          6,
          7,
          29,
          430,
          84,
          93,
          13,
          91,
          92,
          465,
          74,
          29,
          20,
          88,
          462,
          470,
          13,
          24
        ],
        "sum": 4078,
        "mean": 110.21621621621621,
        "median": 40,
        "mode": {},
        "variance": 24125.520818115412,
        "stdev": 155.3239222338768,
        "max": 533,
        "min": 4
      },
      "ChangeAttributeMutation": {
        "times": [
          23,
          63,
          21,
          28,
          533,
          26,
          14,
          53,
          580,
          7,
          81,
          14,
          61,
          75,
          16,
          59,
          39,
          77,
          26,
          37,
          27,
          77,
          25,
          15,
          88,
          84,
          98
        ],
        "sum": 2247,
        "mean": 83.22222222222223,
        "median": 39,
        "mode": {},
        "variance": 18673.654320987655,
        "stdev": 136.65158001643323,
        "max": 580,
        "min": 7
      },