{
  "comment": "// All times in Milliseconds",
  "browser": {
    "name": "chrome",
    "version": "72.0.3626",
    "versionNumber": 72.03626,
    "mobile": false,
    "os": "OS X 10.13.6",
    "userAgent": "Mozilla/5.0 (Macintosh; Intel Mac OS X 10_13_6) AppleWebKit/537.36 (KHTML, like Gecko) Chrome/72.0.3626.96 Safari/537.36"
  },
  "layoutTime": {
    "milliseconds": {
      "sanitized": "81.44",
      "notSanitized": "104.45, "
    }
  },
  "mutationResults": {
    "totalRan": 388,
    "mutationsPerPass": 200,
    "notSanitized": {
      "InnerHTMLMutation": {
        "times": [
          0.24,
          0.44,
          0.16,
          0.295,
          0.68,
          0.26,
          0.125,
          0.225,
          0.12,
          0.125,
          0.27,
          0.125,
          0.125,
          0.24,
          0.26,
          0.29,
          0.245,
          0.265,
          0.245,
          0.13,
          0.275,
          0.13,
          0.27,
          0.25,
          0.125,
          0.16,
          0.275,
          0.135,
          0.135,
          0.185,
          0.135,
          0.325,
          0.265,
          0.25,
          0.13,
          0.265,
          0.25,
          0.165,
          0.145,
          0.355,
          0.23,
          0.155,
          0.26,
          0.25,
          0.13,
          0.13
        ],
        "sum": 10.245000000000001,
        "mean": 0.22271739130434784,
        "median": 0.24,
        "mode": {},
        "variance": 0.010124681001890356,
        "stdev": 0.1006214738606544,
        "max": 0.68,
        "min": 0.12
      },
      "ReorderMutation": {
        "times": [
          0.125,
          0.26,
          0.015,
          0.03,
          0.005,
          0.115,
          0.04,
          0.01,
          0.025,
          0.075,
          0.01,
          0.005,
          0.015,
          0.01,
          0.005,
          0.045,
          0.015,
          0.01,
          0.015,
          0.065,
          0.055,
          0.06,
          0.22,
          0.005,
          0.015
        ],
        "sum": 1.25,
        "mean": 0.05,
        "median": 0.015,
        "mode": 0.015,
        "variance": 0.004224,
        "stdev": 0.06499230723708768,
        "max": 0.26,
        "min": 0.005
      },
      "InsertBeforeMutation": {
        "times": [
          0.075,
          0.01,
          0.005,
          0,
          0,
          0.005,
          0.005,
          0.01,
          0.005,
          0,
          0.005,
          0,
          0.005,
          0.005,
          0.005,
          0,
          0,
          0.01,
          0,
          0.01,
          0.005,
          0.01,
          0,
          0.01
        ],
        "sum": 0.18000000000000005,
        "mean": 0.007500000000000002,
        "median": 0.005,
        "mode": 0.005,
        "variance": 0.00021250000000000002,
        "stdev": 0.014577379737113252,
        "max": 0.075,
        "min": 0
      },
      "ChangeAttributeMutation": {
        "times": [
          0.075,
          0.02,
          0.01,
          0.02,
          0.01,
          0.01,
          0.005,
          0.005,
          0.005,
          0,
          0.005,
          0,
          0.025,
          0.005,
          0.005,
          0.005,
          0.015,
          0.005,
          0,
          0,
          0.005,
          0.02,
          0.015,
          0,
          0,
          0.005,
          0.005,
          0.005,
          0.01,
          0.01,
          0.005,
          0.005,
          0,
          0.005,
          0.005,
          0.01
        ],
        "sum": 0.3300000000000001,
        "mean": 0.00916666666666667,
        "median": 0.005,
        "mode": 0.005,
        "variance": 0.0001631944444444444,
        "stdev": 0.012774758097296574,
        "max": 0.075,
        "min": 0
      },
      "TextContentMutation": {
        "times": [
          0.11,
          0.005,
          0,
          0,
          0,
          0.005,
          0,
          0,
          0.005,
          0,
          0,
          0.005,
          0,
          0,
          0,
          0.005,
          0,
          0.005,
          0,
          0,
          0,
          0.01,
          0.005,
          0,
          0,
          0.005,
          0,
          0.005,
          0,
          0.01,
          0,
          0,
          0.01
        ],
        "sum": 0.18500000000000005,
        "mean": 0.0056060606060606075,
        "median": 0,
        "mode": 0,
        "variance": 0.0003511478420569331,
        "stdev": 0.018738939192412495,
        "max": 0.11,
        "min": 0
      },
      "AppendChildMutation": {
        "times": [
          0.07,
          0.01,
          0.01,
          0,
          0,
          0.005,
          0.01,
          0.005,
          0.005,
          0,
          0.005,
          0,
          0.005,
          0.005,
          0.005,
          0,
          0.005,
          0,
          0,
          0,
          0.005,
          0.005,
          0,
          0.005,
          0.005,
          0.01,
          0
        ],
        "sum": 0.17000000000000004,
        "mean": 0.006296296296296298,
        "median": 0.005,
        "mode": 0.005,
        "variance": 0.0001677640603566529,
        "stdev": 0.012952376629663488,
        "max": 0.07,
        "min": 0
      }
    },
    "sanitized": {
      "ReorderMutation": {
        "times": [
          3.94,
          13.695,
          2.845,
          2.085,
          14.24,
          3.66,
          1.045,
          1.11,
          19.405,
          16.95,
          77.73,
          11.105,
          5.8,
          22.48,
          4.205,
          3.365,
          8.235,
          14.985,
          21.945,
          11.375,
          16.535,
          80.235,
          29.255,
          17.375,
          5.09,
          10.19,
          20.395,
          23.4,
          7.5,
          13.165
        ],
        "sum": 483.34000000000003,
        "mean": 16.111333333333334,
        "median": 12.27,
        "mode": [
          3.94,
          13.695,
          2.845,
          2.085,
          14.24,
          3.66,
          1.045,
          1.11,
          19.405,
          16.95,
          77.73,
          11.105,
          5.8,
          22.48,
          4.205,
          3.365,
          8.235,
          14.985,
          21.945,
          11.375,
          16.535,
          80.235,
          29.255,
          17.375,
          5.09,
          10.19,
          20.395,
          23.4,
          7.5,
          13.165
        ],
        "variance": 337.9621032222222,
        "stdev": 18.383745625476386,
        "max": 80.235,
        "min": 1.045
      },
      "InsertBeforeMutation": {
        "times": [
          11.065,
          7.75,
          18.58,
          2.26,
          1.31,
          2.375,
          7.905,
          1.56,
          0.835,
          4.165,
          15.59,
          149.185,
          9.285,
          9.715,
          3.665,
          1.465,
          1.235,
          5.895,
          3.275,
          5.17,
          3.59,
          165.915,
          2.69,
          1.47,
          7.47,
          3.285,
          141.65,
          8.105,
          4.73,
          4.55,
          3.575,
          28.115,
          22.32,
          6.015
        ],
        "sum": 665.7650000000001,
        "mean": 19.58132352941177,
        "median": 4.95,