{
  "comment": "// All times in Milliseconds",
  "browser": {
    "name": "chrome",
    "version": "72.0.3626",
    "versionNumber": 72.03626,
    "mobile": false,
    "os": "OS X 10.13.6",
    "userAgent": "Mozilla/5.0 (Macintosh; Intel Mac OS X 10_13_6) AppleWebKit/537.36 (KHTML, like Gecko) Chrome/72.0.3626.96 Safari/537.36"
  },
  "layoutTime": {
    "milliseconds": {
      "sanitized": "203.975",
      "notSanitized": "105.755, "
    }
  },
  "mutationResults": {
    "totalRan": 398,
    "mutationsPerPass": 200,
    "notSanitized": {
      "ChangeAttributeMutation": {
        "times": [
          0.06,
          0.015,
          0.025,
          0.02,
          0.025,
          0.015,
          0.005,
          0.005,
          0.015,
          0.02,
          0.015,
          0.015,
          0.005,
          0.01,
          0.01,
          0.02,
          0.005,
          0,
          0.005,
          0.01,
          0.005,
          0.005,
          0.005,
          0.01,
          0.005,
          0.005,
          0.015,
          0.005,
          0.005,
          0.02,
          0.005,
          0.005,
          0.01,
          0.655,
          0.01,
          0.015,
          0.005
        ],
        "sum": 1.085,
        "mean": 0.029324324324324323,
        "median": 0.01,
        "mode": 0.005,
        "variance": 0.010978597516435356,
        "stdev": 0.10477880280111697,
        "max": 0.655,
        "min": 0
      },
      "InnerHTMLMutation": {
        "times": [
          0.17,
          0.135,
          0.24,
          0.115,
          0.375,
          1.025,
          0.45,
          0.265,
          0.245,
          0.115,
          0.12,
          0.125,
          0.235,
          0.12,
          0.12,
          0.395,
          0.185,
          0.255,
          0.125,
          0.24,
          0.425,
          1.02,
          0.3,
          0.425,
          0.23,
          0.915,
          0.615,
          0.41,
          0.265,
          0.13,
          0.125,
          0.445
        ],
        "sum": 10.360000000000003,
        "mean": 0.3237500000000001,
        "median": 0.2425,
        "mode": {},
        "variance": 0.06164218750000001,
        "stdev": 0.24827844751407643,
        "max": 1.025,
        "min": 0.115
      },
      "TextContentMutation": {
        "times": [
          0.035,
          0.005,
          0.005,
          0.005,
          0.005,
          0,
          0.005,
          0,
          0,
          0.005,
          0,
          0,
          0.005,
          0.005,
          0,
          0.015,
          0.005,
          0,
          0,
          0.005,
          0,
          0.005,
          0.005,
          0,
          0.005,
          0.005,
          0.025,
          0.005,
          0,
          0,
          0.005,
          0.015,
          0,
          0.005,
          0,
          0.015,
          0.01
        ],
        "sum": 0.20000000000000007,
        "mean": 0.0054054054054054074,
        "median": 0.005,
        "mode": 0.005,
        "variance": 0.0000532140248356465,
        "stdev": 0.007294794365549073,
        "max": 0.035,
        "min": 0
      },
      "ReorderMutation": {
        "times": [
          0.1,
          0.165,
          0.085,
          0.93,
          0.02,
          0.045,
          0.005,
          0.06,
          0.005,
          0.02,
          0.07,
          0.02,
          0.015,
          0.04,
          0.01,
          0.075,
          0.04,
          0.04,
          0.025,
          0.02,
          0.085,
          0.02,
          0.21,
          0.095,
          0.025,
          0.14,
          0.035,
          0.215,
          0.2,
          0.085,
          0.025,
          0.07,
          0.055
        ],
        "sum": 3.0500000000000003,
        "mean": 0.09242424242424244,
        "median": 0.045,
        "mode": 0.02,
        "variance": 0.025309274563820018,
        "stdev": 0.15908888887606204,
        "max": 0.93,
        "min": 0.005
      },
      "AppendChildMutation": {
        "times": [
          0.045,
          0.01,
          0.02,
          0.01,
          0.005,
          0.01,
          0,
          0,
          0.005,
          0,
          0.005,
          0.005,
          0.01,
          0,
          0,
          0.005,
          0.045,
          0,
          0.005,
          0,
          0,
          0.005,
          0.01,
          0.005,
          0.015,
          0.005,
          0.01,
          0.005,
          0,
          0.005,
          0.005
        ],
        "sum": 0.24500000000000005,
        "mean": 0.007903225806451615,
        "median": 0.005,
        "mode": 0.005,
        "variance": 0.00011737773152965655,
        "stdev": 0.010834100402417201,
        "max": 0.045,
        "min": 0
      },
      "InsertBeforeMutation": {
        "times": [
          0.03,
          0.02,
          0.01,
          0,
          0.005,
          0,
          0.01,
          0.005,
          0.01,
          0.005,
          0.005,
          0,
          0.005,
          0.005,
          0.005,
          0.01,
          0.005,
          0.045,
          0.005,
          0.015,
          0.005,
          0.005,
          0.005,
          0,
          0.005,
          0.01,
          0.005,
          0.01,
          0.005
        ],
        "sum": 0.2450000000000001,
        "mean": 0.00844827586206897,
        "median": 0.005,
        "mode": 0.005,
        "variance": 0.00008466111771700357,
        "stdev": 0.009201147630431955,
        "max": 0.045,
        "min": 0
      }
    },
    "sanitized": {
      "ReorderMutation": {
        "times": [
          3.89,
          6.455,
          21.96,
          4.63,
          41.31,
          3.815,
          18.855,
          3.39,
          11.335,
          15.825,
          1.27,
          21.965,
          196.02,
          4.945,
          4.855,
          10.905,
          18.485,
          5.95,
          21.64,
          14.125,
          1.085,
          18.42,
          11.605,
          5.74,
          2.045,
          5.895,
          24.66,
          24.49,
          17.57,
          32.425
        ],
        "sum": 575.5600000000001,
        "mean": 19.185333333333336,
        "median": 11.47,
        "mode": [
          3.89,
          6.455,
          21.96,
          4.63,
          41.31,
          3.815,
          18.855,
          3.39,
          11.335,
          15.825,
          1.27,
          21.965,
          196.02,
          4.945,
          4.855,
          10.905,
          18.485,
          5.95,
          21.64,
          14.125,
          1.085,
          18.42,
          11.605,
          5.74,
          2.045,
          5.895,
          24.66,
          24.49,
          17.57,
          32.425
        ],
        "variance": 1173.9968515555556,
        "stdev": 34.26363745365567,
        "max": 196.02,
        "min": 1.085
      },
      "TextContentMutation": {
        "times": [
          23.355,
          17.72,
          153.145,
          53.025,
          2.8,
          4.09,
          2.06,
          6.645,
          8.855,
          3.175,
          3.19,
          13.74,
          3.48,
          10.905,
          7.68,
          8.745,
          7.6,
          19.29,
          202.25,
          5.28,
          6.21,
          5.5,
          83.805,
          20.54,
          20.69,
          5.21,
          7.605,
          2.71,
          1.635,
          23.075,
          3.905,
          96,
          11.51,
          10.8,
          27.655,
          16.265,
          9.885,
          11.48,
          3.48
        ],
        "sum": 924.9900000000001,
        "mean": 23.71769230769231,
        "median": 8.855,
        "mode": 3.48,
        "variance": 1705.0366177514788,
        "stdev": 41.29208904562082,
        "max": 202.25,
        "min": 1.635
      },