{
  "comment": "// All times in Milliseconds",
  "browser": {
    "name": "chrome",
    "version": "72.0.3626",
    "versionNumber": 72.03626,
    "mobile": true,
    "os": "Android 8.1.0",
    "userAgent": "Mozilla/5.0 (Linux; Android 8.1.0; Moto G (5) Plus) AppleWebKit/537.36 (KHTML, like Gecko) Chrome/72.0.3626.105 Mobile Safari/537.36"
  },
  "layoutTime": {
    "milliseconds": {
      "sanitized": "290.2",
      "notSanitized": "235.4, "
    }
  },
  "mutationResults": {
    "totalRan": 385,
    "mutationsPerPass": 200,
    "notSanitized": {
      "TextContentMutation": {
        "times": [
          0.2,
          0,
          0.1,
          0.1,
          0,
          0,
          0,
          0,
          0.1,
          0.1,
          0,
          0,
          0.1,
          0,
          0,
          0,
          0,
          0,
          0,
          0,
          0,
          0,
          0,
          0,
          0,
          0.1,
          0,
          0.1,
          0,
          0,
          0,
          0.1,
          0,
          0,
          0,
          0
        ],
        "sum": 0.9999999999999999,
        "mean": 0.027777777777777776,
        "median": 0,
        "mode": 0,
        "variance": 0.0025617283950617317,
        "stdev": 0.050613519884135025,
        "max": 0.2,
        "min": 0
      },
      "AppendChildMutation": {
        "times": [
          0.1,
          0,
          0,
          0,
          0,
          0.1,
          0,
          0,
          0,
          0,
          0,
          0,
          0,
          0,
          0,
          0,
          0.1,
          0,
          0,
          0,
          0,
          0.1,
          0,
          0,
          0,
          0,
          0,
          0.1,
          0,
          0,
          0.1
        ],
        "sum": 0.6,
        "mean": 0.01935483870967742,
        "median": 0,
        "mode": 0,
        "variance": 0.0015608740894901153,
        "stdev": 0.039507899077148044,
        "max": 0.1,
        "min": 0
      },
      "ChangeAttributeMutation": {
        "times": [
          0.1,
          0.2,
          0,
          0.1,
          0.2,
          0.2,
          0,
          0,
          0.1,
          0.1,
          0.1,
          0,
          0,
          0.1,
          0,
          0,
          0,
          0,
          0,
          0,
          0,
          0,
          0,
          0,
          0,
          0,
          0,
          0,
          0.2,
          0.1,
          0.1,
          0,
          0
        ],
        "sum": 1.6000000000000003,
        "mean": 0.04848484848484849,
        "median": 0,
        "mode": 0,
        "variance": 0.004921946740128557,
        "stdev": 0.07015658728963772,
        "max": 0.2,
        "min": 0
      },
      "InsertBeforeMutation": {
        "times": [
          0.1,
          0,
          0.1,
          0,
          0,
          0,
          0.1,
          0,
          0.1,
          0,
          0,
          0,
          0,
          0,
          0,
          0,
          0,
          0,
          0,
          0,
          0.1,
          0,
          0,
          0.1,
          0,
          0.1,
          0,
          0,
          0
        ],
        "sum": 0.7,
        "mean": 0.02413793103448276,
        "median": 0,
        "mode": 0,
        "variance": 0.00183115338882283,
        "stdev": 0.04279197808962364,
        "max": 0.1,
        "min": 0
      },
      "InnerHTMLMutation": {
        "times": [
          1.3,
          2.1,
          1.8,
          2,
          1.2,
          1.7,
          1.1,
          1.1,
          1.1,
          0.9,
          1.8,
          1.7,
          1.8,
          0.9,
          0.9,
          0.9,
          0.9,
          1.8,
          1.7,
          1.8,
          0.9,
          1.8,
          0.9,
          1.7,
          0.9,
          0.9,
          0.9,
          1.8
        ],
        "sum": 38.29999999999999,
        "mean": 1.3678571428571424,
        "median": 1.25,
        "mode": 0.9,
        "variance": 0.1828954081632653,
        "stdev": 0.42766272711479697,
        "max": 2.1,
        "min": 0.9
      },
      "ReorderMutation": {
        "times": [
          0.2,
          0.4,
          0.3,
          0.1,
          0.2,
          0.1,
          0.1,
          0.1,
          0.8,
          0.2,
          0.1,
          0.3,
          0,
          0.1,
          0.1,
          1,
          0.2,
          0.2,
          0.1,
          0.1,
          0.1,
          0.4,
          0,
          0.1,
          0.3,
          0.2,
          0,
          0.2,
          0,
          0.2
        ],
        "sum": 6.200000000000001,
        "mean": 0.2066666666666667,
        "median": 0.15000000000000002,
        "mode": 0.1,
        "variance": 0.04595555555555556,
        "stdev": 0.21437246921084704,
        "max": 1,
        "min": 0
      }
    },
    "sanitized": {
      "ReorderMutation": {
        "times": [
          105,
          15.7,
          41.4,
          54.4,
          316.1,
          400.3,
          6.8,
          12.5,
          78,
          68.7,
          339.3,
          41.5,
          12.3,
          57.2,
          21.9,
          15.9,
          114.1,
          448.7,
          61,
          62,
          28.7,
          101,
          527.8,
          68.3,
          12.3,
          20.4,
          15.8,
          67.2,
          140.4,
          151.6,
          14.3
        ],
        "sum": 3420.600000000001,
        "mean": 110.341935483871,
        "median": 61,
        "mode": 12.3,
        "variance": 19196.35533818938,
        "stdev": 138.55091244084025,
        "max": 527.8,
        "min": 6.8
      },
      "InsertBeforeMutation": {
        "times": [
          17.5,
          33.9,
          2.9,
          35.6,
          39.1,
          64.6,
          66.7,
          49.8,
          28.6,
          20.3,
          351.4,
          64,
          13.8,
          8.8,
          8.8,
          411.8,
          42.7,
          60.2,
          60.6,
          85.3,
          15.5,
          28.8,
          516.7,
          62.8,
          62.2,
          9.2,
          9.2,
          180.6,
          117.3,
          15.6,
          93.1,
          57.2,
          64.6,
          84.7,
          65,
          61.5,
          248.8,
          53
        ],
        "sum": 3212.199999999999,
        "mean": 84.53157894736839,
        "median": 58.7,
        "mode": {},
        "variance": 12568.739002770084,
        "stdev": 112.11038757746796,
        "max": 516.7,
        "min": 2.9
      },
      "AppendChildMutation": {
        "times": [
          4.4,
          66.1,
          43.4,
          23.3,
          16.1,
          60,
          29.5,
          45.6,
          34.9,
          15,
          4,
          3.7,
          419.6,
          21.1,
          59.3,
          7.7,
          50.1,
          77.1,
          19.2,
          48.6,
          50.2,
          29.5,
          49.8,
          84,
          26.1,
          47.3,
          7.8,
          59.5,
          118.5,
          28.8,
          15.6,
          9,
          64.8,
          59.9,
          243.3,
          61.5,
          25.9
        ],
        "sum": 2030.1999999999998,
        "mean": 54.87027027027027,
        "median": 43.4,
        "mode": 29.5,
        "variance": 5433.677224251277,
        "stdev": 73.71348061414056,
        "max": 419.6,
        "min": 3.7
      },